{"properties": [
  {
    "name": "eureka.client.fetch-registry",
    "type": "java.lang.String",
    "description": "A description for 'eureka.client.fetch-registry'"
  },
  {
    "name": "eureka.instance.prefer-ip-address",
    "type": "java.lang.String",
    "description": "A description for 'eureka.instance.prefer-ip-address'"
  },
  {
    "name": "eureka.client.register-with-eureka",
    "type": "java.lang.String",
    "description": "A description for 'eureka.client.register-with-eureka'"
  },
  {
    "name": "eureka.client.service-url.defaultZone",
    "type": "java.lang.String",
    "description": "A description for 'eureka.client.service-url.defaultZone'"
  }
]}